user_id,snapshot_ts,reorder_probability_30d,churn_probability_30d,recommended_threshold,predicted_reorder_next_30d,predicted_churn_risk_30d,predicted_positive,risk_bucket,threshold_distance,threshold_band,score_decile
128,2026-03-11T04:56:56+00:00,0.007598533991644129,0.9924014660083559,0.312470840610089,0,1,0,high,-0.3048723066184449,below_threshold,0
15,2026-03-11T04:56:56+00:00,0.007711621026395904,0.9922883789736041,0.312470840610089,0,1,0,high,-0.3047592195836931,below_threshold,0
10,2026-03-11T04:56:56+00:00,0.007751395542958863,0.9922486044570411,0.312470840610089,0,1,0,high,-0.30471944506713017,below_threshold,0
157,2026-03-11T04:56:56+00:00,0.007971599265053269,0.9920284007349467,0.312470840610089,0,1,0,high,-0.30449924134503575,below_threshold,0
99,2026-03-11T04:56:56+00:00,0.008540123244224002,0.991459876755776,0.312470840610089,0,1,0,high,-0.303930717365865,below_threshold,0
176,2026-03-11T04:56:56+00:00,0.009241691801333775,0.9907583081986662,0.312470840610089,0,1,0,high,-0.30322914880875523,below_threshold,0
171,2026-03-11T04:56:56+00:00,0.009384260238991918,0.990615739761008,0.312470840610089,0,1,0,high,-0.3030865803710971,below_threshold,0
19,2026-03-11T04:56:56+00:00,0.009668120361476842,0.9903318796385232,0.312470840610089,0,1,0,high,-0.30280272024861216,below_threshold,0
96,2026-03-11T04:56:56+00:00,0.00986625814109433,0.9901337418589057,0.312470840610089,0,1,0,high,-0.3026045824689947,below_threshold,0
121,2026-03-11T04:56:56+00:00,0.010040668905495776,0.9899593310945042,0.312470840610089,0,1,0,high,-0.30243017170459324,below_threshold,0
83,2026-03-11T04:56:56+00:00,0.010054525357407801,0.9899454746425922,0.312470840610089,0,1,0,high,-0.3024163152526812,below_threshold,0
14,2026-03-11T04:56:56+00:00,0.011068260571212414,0.9889317394287875,0.312470840610089,0,1,0,high,-0.3014025800388766,below_threshold,0
162,2026-03-11T04:56:56+00:00,0.01109811728190927,0.9889018827180908,0.312470840610089,0,1,0,high,-0.3013727233281797,below_threshold,0
163,2026-03-11T04:56:56+00:00,0.011378564950201515,0.9886214350497985,0.312470840610089,0,1,0,high,-0.3010922756598875,below_threshold,0
133,2026-03-11T04:56:56+00:00,0.01140413942025,0.98859586057975,0.312470840610089,0,1,0,high,-0.301066701189839,below_threshold,0
3,2026-03-11T04:56:56+00:00,0.012425133561341926,0.9875748664386581,0.312470840610089,0,1,0,high,-0.30004570704874706,below_threshold,0
168,2026-03-11T04:56:56+00:00,0.012425133561341926,0.9875748664386581,0.312470840610089,0,1,0,high,-0.30004570704874706,below_threshold,0
150,2026-03-11T04:56:56+00:00,0.012432980126795237,0.9875670198732047,0.312470840610089,0,1,0,high,-0.3000378604832938,below_threshold,0
179,2026-03-11T04:56:56+00:00,0.013121024037359649,0.9868789759626404,0.312470840610089,0,1,0,high,-0.29934981657272935,below_threshold,0
22,2026-03-11T04:56:56+00:00,0.014203992187024688,0.9857960078129753,0.312470840610089,0,1,0,high,-0.29826684842306433,below_threshold,0
166,2026-03-11T04:56:56+00:00,0.014268101403746016,0.985731898596254,0.312470840610089,0,1,0,high,-0.298202739206343,below_threshold,1
46,2026-03-11T04:56:56+00:00,0.014497119598370373,0.9855028804016296,0.312470840610089,0,1,0,high,-0.29797372101171865,below_threshold,1
53,2026-03-11T04:56:56+00:00,0.014630720241558613,0.9853692797584414,0.312470840610089,0,1,0,high,-0.2978401203685304,below_threshold,1
70,2026-03-11T04:56:56+00:00,0.014830249043660752,0.9851697509563393,0.312470840610089,0,1,0,high,-0.29764059156642825,below_threshold,1
35,2026-03-11T04:56:56+00:00,0.016053609790028584,0.9839463902099714,0.312470840610089,0,1,0,high,-0.29641723082006044,below_threshold,1
187,2026-03-11T04:56:56+00:00,0.016319189231623933,0.9836808107683761,0.312470840610089,0,1,0,high,-0.29615165137846505,below_threshold,1
80,2026-03-11T04:56:56+00:00,0.016420796583915223,0.9835792034160847,0.312470840610089,0,1,0,high,-0.2960500440261738,below_threshold,1
145,2026-03-11T04:56:56+00:00,0.016455365285957924,0.9835446347140421,0.312470840610089,0,1,0,high,-0.2960154753241311,below_threshold,1
42,2026-03-11T04:56:56+00:00,0.016546328444797576,0.9834536715552025,0.312470840610089,0,1,0,high,-0.2959245121652914,below_threshold,1
136,2026-03-11T04:56:56+00:00,0.01675856611621927,0.9832414338837807,0.312470840610089,0,1,0,high,-0.2957122744938697,below_threshold,1
54,2026-03-11T04:56:56+00:00,0.01699667228673233,0.9830033277132677,0.312470840610089,0,1,0,high,-0.29547416832335666,below_threshold,1
103,2026-03-11T04:56:56+00:00,0.017524198342832045,0.982475801657168,0.312470840610089,0,1,0,high,-0.294946642267257,below_threshold,1
6,2026-03-11T04:56:56+00:00,0.01773220529354192,0.9822677947064581,0.312470840610089,0,1,0,high,-0.2947386353165471,below_threshold,1
78,2026-03-11T04:56:56+00:00,0.017750848735575826,0.9822491512644241,0.312470840610089,0,1,0,high,-0.2947199918745132,below_threshold,1
112,2026-03-11T04:56:56+00:00,0.018596808504810037,0.98140319149519,0.312470840610089,0,1,0,high,-0.29387403210527896,below_threshold,1
143,2026-03-11T04:56:56+00:00,0.018610803629019793,0.9813891963709802,0.312470840610089,0,1,0,high,-0.2938600369810692,below_threshold,1
173,2026-03-11T04:56:56+00:00,0.01872003150095953,0.9812799684990404,0.312470840610089,0,1,0,high,-0.2937508091091295,below_threshold,1
123,2026-03-11T04:56:56+00:00,0.019641284490158666,0.9803587155098413,0.312470840610089,0,1,0,high,-0.29282955611993033,below_threshold,1
31,2026-03-11T04:56:56+00:00,0.019940843831039407,0.9800591561689606,0.312470840610089,0,1,0,high,-0.2925299967790496,below_threshold,1
193,2026-03-11T04:56:56+00:00,0.020327454235016727,0.9796725457649833,0.312470840610089,0,1,0,high,-0.29214338637507226,below_threshold,1
149,2026-03-11T04:56:56+00:00,0.020595427960453976,0.979404572039546,0.312470840610089,0,1,0,high,-0.291875412649635,below_threshold,2
67,2026-03-11T04:56:56+00:00,0.02064589154592254,0.9793541084540774,0.312470840610089,0,1,0,high,-0.29182494906416645,below_threshold,2
73,2026-03-11T04:56:56+00:00,0.020928787679421405,0.9790712123205786,0.312470840610089,0,1,0,high,-0.2915420529306676,below_threshold,2
20,2026-03-11T04:56:56+00:00,0.021004153001821898,0.9789958469981781,0.312470840610089,0,1,0,high,-0.2914666876082671,below_threshold,2
43,2026-03-11T04:56:56+00:00,0.021339147055341706,0.9786608529446583,0.312470840610089,0,1,0,high,-0.29113169355474733,below_threshold,2
111,2026-03-11T04:56:56+00:00,0.021693557024795657,0.9783064429752043,0.312470840610089,0,1,0,high,-0.29077728358529337,below_threshold,2
55,2026-03-11T04:56:56+00:00,0.02172664130358955,0.9782733586964104,0.312470840610089,0,1,0,high,-0.2907441993064995,below_threshold,2
101,2026-03-11T04:56:56+00:00,0.021742271295015155,0.9782577287049848,0.312470840610089,0,1,0,high,-0.29072856931507385,below_threshold,2
178,2026-03-11T04:56:56+00:00,0.021898207375458563,0.9781017926245414,0.312470840610089,0,1,0,high,-0.29057263323463045,below_threshold,2
116,2026-03-11T04:56:56+00:00,0.02200312171974026,0.9779968782802597,0.312470840610089,0,1,0,high,-0.2904677188903487,below_threshold,2
122,2026-03-11T04:56:56+00:00,0.023309250321304747,0.9766907496786953,0.312470840610089,0,1,0,high,-0.28916159028878424,below_threshold,2
48,2026-03-11T04:56:56+00:00,0.02333047675690395,0.9766695232430961,0.312470840610089,0,1,0,high,-0.28914036385318503,below_threshold,2
64,2026-03-11T04:56:56+00:00,0.023747429553689442,0.9762525704463105,0.312470840610089,0,1,0,high,-0.28872341105639954,below_threshold,2
106,2026-03-11T04:56:56+00:00,0.02381077691425101,0.976189223085749,0.312470840610089,0,1,0,high,-0.288660063695838,below_threshold,2
45,2026-03-11T04:56:56+00:00,0.023821490929588757,0.9761785090704113,0.312470840610089,0,1,0,high,-0.28864934968050027,below_threshold,2
47,2026-03-11T04:56:56+00:00,0.023928750738157527,0.9760712492618425,0.312470840610089,0,1,0,high,-0.2885420898719315,below_threshold,2
127,2026-03-11T04:56:56+00:00,0.02401008344943548,0.9759899165505646,0.312470840610089,0,1,0,high,-0.2884607571606535,below_threshold,2
30,2026-03-11T04:56:56+00:00,0.024041371638757875,0.9759586283612421,0.312470840610089,0,1,0,high,-0.28842946897133115,below_threshold,2
194,2026-03-11T04:56:56+00:00,0.024081150457911534,0.9759188495420885,0.312470840610089,0,1,0,high,-0.28838969015217747,below_threshold,2
1,2026-03-11T04:56:56+00:00,0.0242115358260093,0.9757884641739907,0.312470840610089,0,1,0,high,-0.2882593047840797,below_threshold,2
159,2026-03-11T04:56:56+00:00,0.024475302895637967,0.9755246971043621,0.312470840610089,0,1,0,high,-0.287995537714451,below_threshold,3
28,2026-03-11T04:56:56+00:00,0.02460549426359926,0.9753945057364007,0.312470840610089,0,1,0,high,-0.28786534634648975,below_threshold,3
104,2026-03-11T04:56:56+00:00,0.025255609132734197,0.9747443908672658,0.312470840610089,0,1,0,high,-0.28721523147735484,below_threshold,3
107,2026-03-11T04:56:56+00:00,0.025298349573877256,0.9747016504261228,0.312470840610089,0,1,0,high,-0.28717249103621173,below_threshold,3
33,2026-03-11T04:56:56+00:00,0.025306049502012557,0.9746939504979875,0.312470840610089,0,1,0,high,-0.28716479110807647,below_threshold,3
90,2026-03-11T04:56:56+00:00,0.025347065055121566,0.9746529349448785,0.312470840610089,0,1,0,high,-0.28712377555496743,below_threshold,3
34,2026-03-11T04:56:56+00:00,0.025724032073463767,0.9742759679265363,0.312470840610089,0,1,0,high,-0.28674680853662526,below_threshold,3
184,2026-03-11T04:56:56+00:00,0.025908823481445353,0.9740911765185547,0.312470840610089,0,1,0,high,-0.28656201712864365,below_threshold,3
181,2026-03-11T04:56:56+00:00,0.026058523422384378,0.9739414765776157,0.312470840610089,0,1,0,high,-0.28641231718770466,below_threshold,3
160,2026-03-11T04:56:56+00:00,0.026515543508101296,0.9734844564918987,0.312470840610089,0,1,0,high,-0.2859552971019877,below_threshold,3
197,2026-03-11T04:56:56+00:00,0.026725151807569042,0.9732748481924309,0.312470840610089,0,1,0,high,-0.28574568880251994,below_threshold,3
86,2026-03-11T04:56:56+00:00,0.02681848948531978,0.9731815105146803,0.312470840610089,0,1,0,high,-0.2856523511247692,below_threshold,3
114,2026-03-11T04:56:56+00:00,0.026902245170398992,0.973097754829601,0.312470840610089,0,1,0,high,-0.28556859543969004,below_threshold,3
94,2026-03-11T04:56:56+00:00,0.02700518102768019,0.9729948189723198,0.312470840610089,0,1,0,high,-0.2854656595824088,below_threshold,3
175,2026-03-11T04:56:56+00:00,0.027059863388203348,0.9729401366117967,0.312470840610089,0,1,0,high,-0.2854109772218857,below_threshold,3
79,2026-03-11T04:56:56+00:00,0.027589300773904007,0.972410699226096,0.312470840610089,0,1,0,high,-0.284881539836185,below_threshold,3
119,2026-03-11T04:56:56+00:00,0.03205461773487824,0.9679453822651217,0.312470840610089,0,1,0,high,-0.2804162228752108,below_threshold,3
77,2026-03-11T04:56:56+00:00,0.049581217986013275,0.9504187820139868,0.312470840610089,0,1,0,high,-0.2628896226240757,below_threshold,3
148,2026-03-11T04:56:56+00:00,0.051206130514444954,0.948793869485555,0.312470840610089,0,1,0,high,-0.26126471009564406,below_threshold,3
185,2026-03-11T04:56:56+00:00,0.059864160168188116,0.9401358398318119,0.312470840610089,0,1,0,high,-0.2526066804419009,below_threshold,3
156,2026-03-11T04:56:56+00:00,0.06458639596716349,0.9354136040328365,0.312470840610089,0,1,0,high,-0.24788444464292553,below_threshold,4
141,2026-03-11T04:56:56+00:00,0.07285569161289128,0.9271443083871087,0.312470840610089,0,1,0,high,-0.2396151489971977,below_threshold,4
120,2026-03-11T04:56:56+00:00,0.08114083396839764,0.9188591660316023,0.312470840610089,0,1,0,high,-0.23133000664169137,below_threshold,4
180,2026-03-11T04:56:56+00:00,0.08169625587594903,0.9183037441240509,0.312470840610089,0,1,0,high,-0.23077458473413998,below_threshold,4
105,2026-03-11T04:56:56+00:00,0.10007073955589461,0.8999292604441054,0.312470840610089,0,1,0,high,-0.21240010105419438,below_threshold,4
81,2026-03-11T04:56:56+00:00,0.10842775724569306,0.8915722427543069,0.312470840610089,0,1,0,high,-0.20404308336439594,below_threshold,4
26,2026-03-11T04:56:56+00:00,0.10892363556087095,0.8910763644391291,0.312470840610089,0,1,0,high,-0.20354720504921806,below_threshold,4
200,2026-03-11T04:56:56+00:00,0.11617423032783435,0.8838257696721656,0.312470840610089,0,1,0,high,-0.19629661028225465,below_threshold,4
188,2026-03-11T04:56:56+00:00,0.11722459578744551,0.8827754042125545,0.312470840610089,0,1,0,high,-0.1952462448226435,below_threshold,4
11,2026-03-11T04:56:56+00:00,0.12164631036634481,0.8783536896336552,0.312470840610089,0,1,0,high,-0.19082453024374418,below_threshold,4
177,2026-03-11T04:56:56+00:00,0.1237578856062523,0.8762421143937477,0.312470840610089,0,1,0,high,-0.18871295500383672,below_threshold,4
85,2026-03-11T04:56:56+00:00,0.12510699540473746,0.8748930045952625,0.312470840610089,0,1,0,high,-0.18736384520535154,below_threshold,4
69,2026-03-11T04:56:56+00:00,0.12593461066230466,0.8740653893376953,0.312470840610089,0,1,0,high,-0.18653622994778435,below_threshold,4
61,2026-03-11T04:56:56+00:00,0.12713110784699372,0.8728688921530063,0.312470840610089,0,1,0,high,-0.1853397327630953,below_threshold,4
170,2026-03-11T04:56:56+00:00,0.1276356485533189,0.8723643514466811,0.312470840610089,0,1,0,high,-0.1848351920567701,below_threshold,4
44,2026-03-11T04:56:56+00:00,0.13721605390523206,0.8627839460947679,0.312470840610089,0,1,0,high,-0.17525478670485695,below_threshold,4
158,2026-03-11T04:56:56+00:00,0.1378573774306635,0.8621426225693365,0.312470840610089,0,1,0,high,-0.1746134631794255,below_threshold,4
100,2026-03-11T04:56:56+00:00,0.1381294169625305,0.8618705830374696,0.312470840610089,0,1,0,high,-0.1743414236475585,below_threshold,4
84,2026-03-11T04:56:56+00:00,0.13926097815264432,0.8607390218473556,0.312470840610089,0,1,0,high,-0.17320986245744469,below_threshold,4
125,2026-03-11T04:56:56+00:00,0.14126504097363032,0.8587349590263696,0.312470840610089,0,1,0,high,-0.17120579963645868,below_threshold,4
131,2026-03-11T04:56:56+00:00,0.14364820539522447,0.8563517946047755,0.312470840610089,0,1,0,high,-0.16882263521486454,below_threshold,5
102,2026-03-11T04:56:56+00:00,0.14552101845103335,0.8544789815489666,0.312470840610089,0,1,0,high,-0.16694982215905566,below_threshold,5
91,2026-03-11T04:56:56+00:00,0.14790214354950773,0.8520978564504923,0.312470840610089,0,1,0,high,-0.16456869706058128,below_threshold,5
65,2026-03-11T04:56:56+00:00,0.1487842557069868,0.8512157442930132,0.312470840610089,0,1,0,high,-0.1636865849031022,below_threshold,5
82,2026-03-11T04:56:56+00:00,0.15418514969204145,0.8458148503079586,0.312470840610089,0,1,0,high,-0.15828569091804756,below_threshold,5
110,2026-03-11T04:56:56+00:00,0.15455010490623508,0.8454498950937649,0.312470840610089,0,1,0,high,-0.15792073570385393,below_threshold,5
62,2026-03-11T04:56:56+00:00,0.1569428287973138,0.8430571712026862,0.312470840610089,0,1,0,high,-0.1555280118127752,below_threshold,5
5,2026-03-11T04:56:56+00:00,0.15723293073589303,0.8427670692641069,0.312470840610089,0,1,0,high,-0.15523790987419597,below_threshold,5
95,2026-03-11T04:56:56+00:00,0.15795232889611632,0.8420476711038837,0.312470840610089,0,1,0,high,-0.15451851171397268,below_threshold,5
146,2026-03-11T04:56:56+00:00,0.1582752380620848,0.8417247619379152,0.312470840610089,0,1,0,high,-0.1541956025480042,below_threshold,5
126,2026-03-11T04:56:56+00:00,0.15899453101151684,0.8410054689884832,0.312470840610089,0,1,0,high,-0.15347630959857217,below_threshold,5
134,2026-03-11T04:56:56+00:00,0.1627924297107726,0.8372075702892274,0.312470840610089,0,1,0,high,-0.1496784108993164,below_threshold,5
52,2026-03-11T04:56:56+00:00,0.16671762368772544,0.8332823763122745,0.312470840610089,0,1,0,high,-0.14575321692236357,below_threshold,5
135,2026-03-11T04:56:56+00:00,0.171847975347973,0.828152024652027,0.312470840610089,0,1,0,high,-0.140622865262116,below_threshold,5
37,2026-03-11T04:56:56+00:00,0.17759597452116618,0.8224040254788338,0.312470840610089,0,1,0,high,-0.13487486608892282,below_threshold,5
196,2026-03-11T04:56:56+00:00,0.18475743644515938,0.8152425635548406,0.312470840610089,0,1,0,high,-0.12771340416492963,below_threshold,5
124,2026-03-11T04:56:56+00:00,0.18476316332753148,0.8152368366724685,0.312470840610089,0,1,0,high,-0.12770767728255752,below_threshold,5
113,2026-03-11T04:56:56+00:00,0.18811828819672508,0.811881711803275,0.312470840610089,0,1,0,high,-0.12435255241336393,below_threshold,5
74,2026-03-11T04:56:56+00:00,0.188706526238803,0.811293473761197,0.312470840610089,0,1,0,high,-0.12376431437128602,below_threshold,5
129,2026-03-11T04:56:56+00:00,0.1890689946362376,0.8109310053637624,0.312470840610089,0,1,0,high,-0.1234018459738514,below_threshold,5
17,2026-03-11T04:56:56+00:00,0.19327986203160666,0.8067201379683934,0.312470840610089,0,1,0,high,-0.11919097857848235,below_threshold,6
199,2026-03-11T04:56:56+00:00,0.1933297349786577,0.8066702650213423,0.312470840610089,0,1,0,high,-0.1191411056314313,below_threshold,6
195,2026-03-11T04:56:56+00:00,0.19611177251362522,0.8038882274863748,0.312470840610089,0,1,0,high,-0.11635906809646379,below_threshold,6
4,2026-03-11T04:56:56+00:00,0.1962266502009216,0.8037733497990784,0.312470840610089,0,1,0,high,-0.11624419040916742,below_threshold,6
16,2026-03-11T04:56:56+00:00,0.20038805964547915,0.7996119403545209,0.312470840610089,0,1,0,high,-0.11208278096460986,below_threshold,6
39,2026-03-11T04:56:56+00:00,0.2105916422081995,0.7894083577918005,0.312470840610089,0,1,0,high,-0.1018791984018895,below_threshold,6
75,2026-03-11T04:56:56+00:00,0.21207356310932604,0.787926436890674,0.312470840610089,0,1,0,high,-0.10039727750076297,below_threshold,6
137,2026-03-11T04:56:56+00:00,0.21484224175706265,0.7851577582429373,0.312470840610089,0,1,0,high,-0.09762859885302635,below_threshold,6
132,2026-03-11T04:56:56+00:00,0.22447985192846084,0.7755201480715391,0.312470840610089,0,1,0,high,-0.08799098868162816,below_threshold,6
139,2026-03-11T04:56:56+00:00,0.22531572336179623,0.7746842766382038,0.312470840610089,0,1,0,high,-0.08715511724829278,below_threshold,6
66,2026-03-11T04:56:56+00:00,0.22976208753308267,0.7702379124669173,0.312470840610089,0,1,0,high,-0.08270875307700634,below_threshold,6
49,2026-03-11T04:56:56+00:00,0.2330813701230706,0.7669186298769294,0.312470840610089,0,1,0,high,-0.07938947048701842,below_threshold,6
154,2026-03-11T04:56:56+00:00,0.23668972972901264,0.7633102702709873,0.312470840610089,0,1,0,high,-0.07578111088107636,below_threshold,6
165,2026-03-11T04:56:56+00:00,0.23981008557791253,0.7601899144220875,0.312470840610089,0,1,0,high,-0.07266075503217648,below_threshold,6
38,2026-03-11T04:56:56+00:00,0.248755599767824,0.751244400232176,0.312470840610089,0,1,0,high,-0.06371524084226501,below_threshold,6
172,2026-03-11T04:56:56+00:00,0.26075128983197415,0.7392487101680258,0.312470840610089,0,1,0,high,-0.05171955077811485,below_threshold,6
13,2026-03-11T04:56:56+00:00,0.2835298230324662,0.7164701769675338,0.312470840610089,0,1,0,high,-0.028941017577622796,near_threshold,6
147,2026-03-11T04:56:56+00:00,0.29502549755230284,0.7049745024476972,0.312470840610089,0,1,0,high,-0.017445343057786167,near_threshold,6
117,2026-03-11T04:56:56+00:00,0.29994146788826165,0.7000585321117383,0.312470840610089,0,1,0,high,-0.012529372721827359,near_threshold,6
161,2026-03-11T04:56:56+00:00,0.3030028419254048,0.6969971580745953,0.312470840610089,0,1,0,medium,-0.009467998684684231,near_threshold,6
25,2026-03-11T04:56:56+00:00,0.7680969122219502,0.2319030877780498,0.312470840610089,1,0,1,low,0.4556260716118612,above_threshold,7
142,2026-03-11T04:56:56+00:00,0.7712454650063983,0.22875453499360165,0.312470840610089,1,0,1,low,0.45877462439630934,above_threshold,7
190,2026-03-11T04:56:56+00:00,0.7739530213667951,0.2260469786332049,0.312470840610089,1,0,1,low,0.4614821807567061,above_threshold,7
18,2026-03-11T04:56:56+00:00,0.7895721433672233,0.21042785663277674,0.312470840610089,1,0,1,low,0.47710130275713425,above_threshold,7
130,2026-03-11T04:56:56+00:00,0.7972955847700791,0.2027044152299209,0.312470840610089,1,0,1,low,0.4848247441599901,above_threshold,7
8,2026-03-11T04:56:56+00:00,0.8120396139248974,0.18796038607510257,0.312470840610089,1,0,1,low,0.4995687733148084,above_threshold,7
92,2026-03-11T04:56:56+00:00,0.8183828472733311,0.1816171527266689,0.312470840610089,1,0,1,low,0.5059120066632421,above_threshold,7
169,2026-03-11T04:56:56+00:00,0.8334207944466524,0.1665792055533476,0.312470840610089,1,0,1,low,0.5209499538365634,above_threshold,7
182,2026-03-11T04:56:56+00:00,0.8413257667559318,0.15867423324406815,0.312470840610089,1,0,1,low,0.5288549261458428,above_threshold,7
153,2026-03-11T04:56:56+00:00,0.8464461599191674,0.15355384008083262,0.312470840610089,1,0,1,low,0.5339753193090784,above_threshold,7
164,2026-03-11T04:56:56+00:00,0.850606112010872,0.149393887989128,0.312470840610089,1,0,1,low,0.538135271400783,above_threshold,7
51,2026-03-11T04:56:56+00:00,0.8541112101221446,0.14588878987785536,0.312470840610089,1,0,1,low,0.5416403695120556,above_threshold,7
68,2026-03-11T04:56:56+00:00,0.8551884865159994,0.14481151348400056,0.312470840610089,1,0,1,low,0.5427176459059104,above_threshold,7
27,2026-03-11T04:56:56+00:00,0.8661929027886096,0.1338070972113904,0.312470840610089,1,0,1,low,0.5537220621785206,above_threshold,7
152,2026-03-11T04:56:56+00:00,0.8693956500312731,0.13060434996872694,0.312470840610089,1,0,1,low,0.556924809421184,above_threshold,7
57,2026-03-11T04:56:56+00:00,0.881210680097395,0.118789319902605,0.312470840610089,1,0,1,low,0.568739839487306,above_threshold,7
167,2026-03-11T04:56:56+00:00,0.8820493649626207,0.11795063503737935,0.312470840610089,1,0,1,low,0.5695785243525316,above_threshold,7
36,2026-03-11T04:56:56+00:00,0.8940259445286809,0.1059740554713191,0.312470840610089,1,0,1,low,0.5815551039185919,above_threshold,7
59,2026-03-11T04:56:56+00:00,0.9075492114501843,0.0924507885498157,0.312470840610089,1,0,1,low,0.5950783708400953,above_threshold,7
2,2026-03-11T04:56:56+00:00,0.9081422116452559,0.09185778835474412,0.312470840610089,1,0,1,low,0.5956713710351669,above_threshold,7
88,2026-03-11T04:56:56+00:00,0.9095965301801664,0.0904034698198336,0.312470840610089,1,0,1,low,0.5971256895700774,above_threshold,8
98,2026-03-11T04:56:56+00:00,0.9244632913913173,0.07553670860868267,0.312470840610089,1,0,1,low,0.6119924507812283,above_threshold,8
183,2026-03-11T04:56:56+00:00,0.933108643028162,0.06689135697183801,0.312470840610089,1,0,1,low,0.620637802418073,above_threshold,8
151,2026-03-11T04:56:56+00:00,0.9427389200633047,0.05726107993669527,0.312470840610089,1,0,1,low,0.6302680794532157,above_threshold,8
109,2026-03-11T04:56:56+00:00,0.9431849102274279,0.0568150897725721,0.312470840610089,1,0,1,low,0.6307140696173389,above_threshold,8
115,2026-03-11T04:56:56+00:00,0.9474461123397075,0.05255388766029245,0.312470840610089,1,0,1,low,0.6349752717296185,above_threshold,8
7,2026-03-11T04:56:56+00:00,0.9514140966861515,0.04858590331384849,0.312470840610089,1,0,1,low,0.6389432560760625,above_threshold,8
89,2026-03-11T04:56:56+00:00,0.9529784684999096,0.04702153150009036,0.312470840610089,1,0,1,low,0.6405076278898206,above_threshold,8
93,2026-03-11T04:56:56+00:00,0.9530987201211797,0.04690127987882031,0.312470840610089,1,0,1,low,0.6406278795110907,above_threshold,8
174,2026-03-11T04:56:56+00:00,0.9536550222063911,0.04634497779360891,0.312470840610089,1,0,1,low,0.6411841815963021,above_threshold,8
41,2026-03-11T04:56:56+00:00,0.9569763226779634,0.0430236773220366,0.312470840610089,1,0,1,low,0.6445054820678744,above_threshold,8
118,2026-03-11T04:56:56+00:00,0.9586503020463052,0.04134969795369481,0.312470840610089,1,0,1,low,0.6461794614362162,above_threshold,8
9,2026-03-11T04:56:56+00:00,0.9593578080287734,0.04064219197122665,0.312470840610089,1,0,1,low,0.6468869674186843,above_threshold,8
97,2026-03-11T04:56:56+00:00,0.9594998239246321,0.04050017607536793,0.312470840610089,1,0,1,low,0.6470289833145431,above_threshold,8
76,2026-03-11T04:56:56+00:00,0.9610764568386514,0.038923543161348606,0.312470840610089,1,0,1,low,0.6486056162285624,above_threshold,8
56,2026-03-11T04:56:56+00:00,0.9635504597431593,0.03644954025684066,0.312470840610089,1,0,1,low,0.6510796191330703,above_threshold,8
191,2026-03-11T04:56:56+00:00,0.9672344871188866,0.0327655128811134,0.312470840610089,1,0,1,low,0.6547636465087976,above_threshold,8
155,2026-03-11T04:56:56+00:00,0.968137023123645,0.031862976876354976,0.312470840610089,1,0,1,low,0.655666182513556,above_threshold,8
87,2026-03-11T04:56:56+00:00,0.9689919553628648,0.031008044637135246,0.312470840610089,1,0,1,low,0.6565211147527757,above_threshold,8
198,2026-03-11T04:56:56+00:00,0.9704836285601346,0.029516371439865408,0.312470840610089,1,0,1,low,0.6580127879500456,above_threshold,8
29,2026-03-11T04:56:56+00:00,0.970660296791177,0.029339703208822954,0.312470840610089,1,0,1,low,0.658189456181088,above_threshold,9
40,2026-03-11T04:56:56+00:00,0.9706913119310057,0.029308688068994337,0.312470840610089,1,0,1,low,0.6582204713209167,above_threshold,9
140,2026-03-11T04:56:56+00:00,0.970740384625987,0.029259615374013004,0.312470840610089,1,0,1,low,0.658269544015898,above_threshold,9
12,2026-03-11T04:56:56+00:00,0.9710755592997552,0.028924440700244802,0.312470840610089,1,0,1,low,0.6586047186896662,above_threshold,9
24,2026-03-11T04:56:56+00:00,0.9712011737121277,0.028798826287872337,0.312470840610089,1,0,1,low,0.6587303331020387,above_threshold,9
71,2026-03-11T04:56:56+00:00,0.9713178022347642,0.02868219776523584,0.312470840610089,1,0,1,low,0.6588469616246752,above_threshold,9
60,2026-03-11T04:56:56+00:00,0.9731971729762322,0.026802827023767795,0.312470840610089,1,0,1,low,0.6607263323661432,above_threshold,9
21,2026-03-11T04:56:56+00:00,0.9733014320818504,0.02669856791814962,0.312470840610089,1,0,1,low,0.6608305914717614,above_threshold,9
192,2026-03-11T04:56:56+00:00,0.9746430900621214,0.025356909937878647,0.312470840610089,1,0,1,low,0.6621722494520323,above_threshold,9
189,2026-03-11T04:56:56+00:00,0.9750243304557885,0.024975669544211487,0.312470840610089,1,0,1,low,0.6625534898456995,above_threshold,9
72,2026-03-11T04:56:56+00:00,0.9750428652577074,0.024957134742292553,0.312470840610089,1,0,1,low,0.6625720246476184,above_threshold,9
186,2026-03-11T04:56:56+00:00,0.9758006223691348,0.024199377630865215,0.312470840610089,1,0,1,low,0.6633297817590458,above_threshold,9
58,2026-03-11T04:56:56+00:00,0.9761329163265288,0.023867083673471234,0.312470840610089,1,0,1,low,0.6636620757164398,above_threshold,9
144,2026-03-11T04:56:56+00:00,0.9768315185023357,0.02316848149766426,0.312470840610089,1,0,1,low,0.6643606778922467,above_threshold,9
32,2026-03-11T04:56:56+00:00,0.9791295711164428,0.02087042888355717,0.312470840610089,1,0,1,low,0.6666587305063538,above_threshold,9
63,2026-03-11T04:56:56+00:00,0.9791485258029614,0.02085147419703859,0.312470840610089,1,0,1,low,0.6666776851928724,above_threshold,9
23,2026-03-11T04:56:56+00:00,0.9811369610659242,0.018863038934075815,0.312470840610089,1,0,1,low,0.6686661204558352,above_threshold,9
108,2026-03-11T04:56:56+00:00,0.9830088850261394,0.016991114973860633,0.312470840610089,1,0,1,low,0.6705380444160504,above_threshold,9
50,2026-03-11T04:56:56+00:00,0.9857659385091124,0.014234061490887573,0.312470840610089,1,0,1,low,0.6732950978990234,above_threshold,9
138,2026-03-11T04:56:56+00:00,0.9858996531323476,0.01410034686765238,0.312470840610089,1,0,1,low,0.6734288125222586,above_threshold,9
